{
  "location": [52.60555216754011, 39.60705053548296],
  "infrastructure" : {
    "theater": [
      [
        52.60590456608306,
        39.60577712955094
      ]
    ],
    "swing": [
      [
        52.60564247398761,
        39.604404208342224
      ],
      [
        52.60545799564745,
        39.60206901604345
      ]
    ],
    "ice": [
      [
        52.60564247398761,
        39.606099364439636
      ]
    ],
    "ferris": [
      [
        52.604598057903615,
        39.60557800952635
      ]
    ]
  }
}
